<?xml version="1.0" encoding="UTF-8"?>
<!--

    Licensed to the Apache Software Foundation (ASF) under one
    or more contributor license agreements.  See the NOTICE file
    distributed with this work for additional information
    regarding copyright ownership.  The ASF licenses this file
    to you under the Apache License, Version 2.0 (the
    "License"); you may not use this file except in compliance
    with the License.  You may obtain a copy of the License at

      http://www.apache.org/licenses/LICENSE-2.0

    Unless required by applicable law or agreed to in writing,
    software distributed under the License is distributed on an
    "AS IS" BASIS, WITHOUT WARRANTIES OR CONDITIONS OF ANY
    KIND, either express or implied.  See the License for the
    specific language governing permissions and limitations
    under the License.

-->
<extensions xmlns="http://maven.apache.org/EXTENSIONS/1.0.0" xmlns:xsi="http://www.w3.org/2001/XMLSchema-instance"
            xsi:schemaLocation="http://maven.apache.org/EXTENSIONS/1.0.0 http://maven.apache.org/xsd/core-extensions-1.0.0.xsd">
    <extension>
        <groupId>com.gradle</groupId>
        <artifactId>develocity-maven-extension</artifactId>
        <!--
          Make sure the extension version is compatible with server version of https://develocity.apache.org/, otherwise CI
          could pass while build scan rejected. It might be good to fail CI in this case, so we can drop this comment,
          but I did not find an option.

          Refs: https://docs.gradle.com/develocity/compatibility/
        -->
        <version>1.22.2</version>
    </extension>
    <extension>
        <groupId>com.gradle</groupId>
        <artifactId>common-custom-user-data-maven-extension</artifactId>
        <version>2.0.1</version>
    </extension>
</extensions>
